<?xml version="1.0" encoding="UTF-8"?>
<project-private xmlns="http://www.netbeans.org/ns/project-private/1">
    <editor-bookmarks xmlns="http://www.netbeans.org/ns/editor-bookmarks/2" lastBookmarkId="0"/>
    <open-files xmlns="http://www.netbeans.org/ns/projectui-open-files/2">
        <group>
            <file>file:/F:/Michael/Semester%20IV/Strukdat/tubesStrukdat/src/tubesstrukdat/Teacher.java</file>
            <file>file:/F:/Michael/Semester%20IV/Strukdat/tubesStrukdat/src/tubesstrukdat/Matpel.java</file>
            <file>file:/F:/Michael/Semester%20IV/Strukdat/tubesStrukdat/src/tubesstrukdat/TubesStrukdat.java</file>
            <file>file:/F:/Michael/Semester%20IV/Strukdat/tubesStrukdat/src/tubesstrukdat/Student.java</file>
            <file>file:/F:/Michael/Semester%20IV/Strukdat/tubesStrukdat/src/tubesstrukdat/Pembayaran.java</file>
            <file>file:/F:/Michael/Semester%20IV/Strukdat/tubesStrukdat/src/tubesstrukdat/Penggajian.java</file>
            <file>file:/F:/Michael/Semester%20IV/Strukdat/tubesStrukdat/src/tubesstrukdat/PengambilanMatpel.java</file>
            <file>file:/F:/Michael/Semester%20IV/Strukdat/tubesStrukdat/src/tubesstrukdat/Admin.java</file>
            <file>file:/F:/Michael/Semester%20IV/Strukdat/tubesStrukdat/src/tubesstrukdat/Jadwal.java</file>
            <file>file:/F:/Michael/Semester%20IV/Strukdat/tubesStrukdat/src/tubesstrukdat/controller.java</file>
        </group>
    </open-files>
</project-private>
